t,phase,goal,position,load,current_mA
0.00,close,1998,2031,0,0
0.02,close,1966,2031,36,0
0.04,close,1933,2031,76,20
0.07,close,1901,2030,132,26
0.09,close,1868,2026,172,32
0.11,close,1835,2019,212,58
0.13,close,1803,2009,232,58
0.15,close,1770,1998,276,65
0.17,close,1738,1984,324,91
0.19,close,1705,1967,352,110
0.22,close,1672,1949,384,130
0.24,close,1640,1929,436,169
0.26,close,1607,1906,488,221
0.28,close,1575,1881,532,247
0.30,close,1542,1855,572,286
0.32,close,1509,1825,592,254
0.34,close,1477,1793,592,260
0.37,close,1444,1761,592,266
0.39,close,1412,1728,584,292
0.41,close,1379,1697,592,234
0.43,close,1346,1663,576,247
0.45,close,1314,1631,588,273
0.47,close,1281,1598,580,260
0.50,close,1249,1565,588,260
0.52,close,1216,1533,588,240
0.54,close,1213,1501,584,286
0.56,close,1213,1469,576,273
0.58,close,1213,1437,544,221
0.60,close,1213,1406,508,221
0.62,close,1213,1379,480,176
0.65,close,1213,1355,456,182
0.67,close,1213,1332,428,169
0.69,close,1213,1311,392,162
0.71,close,1213,1288,296,46
0.73,close,1213,1271,280,46
0.75,close,1213,1254,208,13
0.77,close,1213,1239,136,6
0.80,close,1213,1229,104,6
0.82,close,1213,1222,60,6
0.84,close,1213,1218,24,0
0.86,close,1213,1217,32,6
0.88,close,1213,1216,28,0
0.90,close,1213,1216,28,0
0.92,close,1213,1216,32,0
0.94,close,1213,1216,32,6
0.97,close,1213,1216,32,6
0.99,close,1213,1216,32,6
1.01,close,1213,1216,32,0
1.03,close,1213,1216,32,6
1.05,close,1213,1216,32,6
1.07,close,1213,1216,32,6
1.09,close,1213,1216,32,0
1.11,close,1213,1216,32,6
1.14,close,1213,1216,32,6
1.16,close,1213,1216,32,6
1.18,close,1213,1216,32,6
1.20,close,1213,1216,32,6
1.22,close,1213,1216,32,6
1.24,close,1213,1216,32,0
1.26,close,1213,1216,32,6
1.28,close,1213,1216,32,6
1.31,close,1213,1216,32,0
1.33,close,1213,1216,32,6
1.35,close,1213,1216,32,6
1.37,close,1213,1216,32,0
1.39,close,1213,1216,32,0
1.41,close,1213,1216,32,6
1.43,close,1213,1216,32,6
1.46,close,1213,1216,32,6
1.48,close,1213,1216,32,6
1.50,close,1213,1216,32,6
1.52,close,1213,1216,32,0
1.54,close,1213,1216,32,6
1.57,close,1213,1216,32,6
1.59,close,1213,1216,32,6
1.61,close,1213,1216,32,0
1.63,close,1213,1216,32,6
1.65,close,1213,1216,32,6
1.68,close,1213,1216,32,0
1.70,close,1213,1216,32,6
1.72,close,1213,1216,32,6
1.74,close,1213,1216,32,6
1.76,close,1213,1216,32,6
1.78,close,1213,1216,32,6
1.80,close,1213,1216,32,6
1.82,close,1213,1216,32,6
1.85,close,1213,1216,32,6
1.87,close,1213,1216,32,6
1.89,close,1213,1216,32,6
1.91,close,1213,1216,32,6
1.93,close,1213,1216,32,6
1.95,close,1213,1216,32,6
1.97,close,1213,1216,32,0
2.00,close,1213,1216,32,6
2.02,close,1213,1216,32,6
2.04,close,1213,1216,32,6
2.06,close,1213,1216,32,0
2.08,close,1213,1216,32,6
2.10,close,1213,1216,32,6
2.13,close,1213,1216,32,6
2.15,close,1213,1216,32,0
2.17,close,1213,1216,32,0
2.19,close,1213,1216,32,6
2.21,close,1213,1216,32,6
2.23,close,1213,1216,32,0
2.25,close,1213,1216,32,6
2.28,close,1213,1216,32,6
2.30,close,1213,1216,32,6
2.32,close,1213,1216,32,6
2.34,close,1213,1216,32,0
2.36,close,1213,1216,32,6
2.38,close,1213,1216,32,6
2.41,close,1213,1216,32,0
2.43,close,1213,1216,32,6
2.45,close,1213,1216,32,6
2.47,close,1213,1216,32,6
2.49,close,1213,1216,32,6
2.51,close,1213,1216,32,0
2.54,close,1213,1216,32,6
2.56,close,1213,1216,32,6
2.58,close,1213,1216,32,6
2.60,close,1213,1216,32,6
2.62,close,1213,1216,32,6
2.64,close,1213,1216,32,6
2.67,close,1213,1216,32,0
2.69,close,1213,1216,32,13
2.71,close,1213,1216,32,6
2.73,close,1213,1216,32,6
2.75,close,1213,1216,32,6
2.77,close,1213,1216,32,6
2.80,close,1213,1216,32,6
2.82,close,1213,1216,32,6
2.84,close,1213,1216,32,6
2.86,close,1213,1216,32,6
2.88,close,1213,1216,32,0
2.90,close,1213,1216,32,6
2.93,close,1213,1216,32,6
2.95,close,1213,1216,32,6
2.97,close,1213,1216,32,6
2.99,close,1213,1216,32,6
3.01,close,1213,1216,32,6
3.03,close,1213,1216,32,6
3.05,close,1213,1216,32,6
3.08,close,1213,1216,32,6
3.10,close,1213,1216,32,6
3.12,close,1213,1216,32,6
3.14,close,1213,1216,32,6
3.16,close,1213,1216,32,6
3.19,close,1213,1216,32,6
3.21,close,1213,1216,32,0
3.23,hold,1213,1216,32,6
3.25,hold,1213,1216,32,0
3.27,hold,1213,1216,32,6
3.29,hold,1213,1216,32,6
3.31,hold,1213,1216,32,6
3.34,hold,1213,1216,32,6
3.36,hold,1213,1216,32,6
3.38,hold,1213,1216,32,6
3.40,hold,1213,1216,32,6
3.42,hold,1213,1216,32,6
3.45,hold,1213,1216,32,6
3.47,hold,1213,1216,32,6
3.49,hold,1213,1216,32,6
3.51,hold,1213,1216,32,6
3.53,hold,1213,1216,32,6
3.55,hold,1213,1216,32,6
3.58,hold,1213,1216,32,6
3.60,hold,1213,1216,32,6
3.62,hold,1213,1216,32,6
3.64,hold,1213,1216,32,0
3.66,hold,1213,1216,32,6
3.68,hold,1213,1216,32,6
3.71,hold,1213,1216,32,0
3.73,hold,1213,1216,32,6
3.75,hold,1213,1216,32,0
3.77,hold,1213,1216,32,6
3.79,hold,1213,1216,32,6
3.81,hold,1213,1216,32,6
3.84,hold,1213,1216,32,6
3.86,hold,1213,1216,32,0
3.88,hold,1213,1216,32,6
3.90,hold,1213,1216,32,6
3.92,hold,1213,1216,32,6
3.94,hold,1213,1216,32,6
3.97,hold,1213,1216,32,6
3.99,hold,1213,1216,32,6
4.01,hold,1213,1216,32,0
4.03,hold,1213,1216,32,6
4.05,hold,1213,1216,32,6
4.07,hold,1213,1216,32,6
4.09,hold,1213,1216,32,6
4.12,hold,1213,1216,32,6
4.14,hold,1213,1216,32,6
4.16,hold,1213,1216,32,6
4.18,hold,1213,1216,32,6
4.20,hold,1213,1216,32,6
4.22,hold,1213,1216,32,6
4.25,hold,1213,1216,32,6
4.27,hold,1213,1216,32,6
4.29,hold,1213,1216,32,6
4.31,open,1246,1216,32,6
4.33,open,1278,1216,-20,0
4.35,open,1311,1216,-36,6
4.38,open,1343,1216,-116,20
4.40,open,1376,1219,-172,32
4.42,open,1409,1227,-196,20
4.44,open,1441,1239,-204,32
4.46,open,1474,1251,-248,39
4.48,open,1506,1267,-268,46
4.51,open,1539,1284,-312,65
4.53,open,1572,1304,-344,65
4.55,open,1604,1327,-364,52
4.57,open,1637,1351,-408,78
4.59,open,1669,1379,-436,84
4.62,open,1702,1408,-464,91
4.64,open,1735,1442,-456,65
4.66,open,1767,1472,-456,72
4.68,open,1800,1505,-464,72
4.70,open,1832,1537,-468,52
4.72,open,1865,1569,-464,65
4.75,open,1898,1602,-464,65
4.77,open,1930,1633,-464,72
4.79,open,1963,1665,-464,58
4.81,open,1995,1698,-456,52
4.83,open,2028,1731,-452,65
4.85,open,2028,1763,-460,65
4.88,open,2028,1795,-448,52
4.90,open,2028,1827,-412,39
4.92,open,2028,1856,-380,39
4.94,open,2028,1884,-344,32
4.96,open,2028,1909,-312,13
4.98,open,2028,1932,-284,26
5.01,open,2028,1952,-248,13
5.03,open,2028,1969,-216,13
5.05,open,2028,1985,-184,6
5.07,open,2028,1998,-156,6
5.09,open,2028,2008,-120,6
5.11,open,2028,2016,-88,6
5.14,open,2028,2021,-44,6
5.16,open,2028,2024,-28,6
5.18,open,2028,2024,-40,6
5.20,open,2028,2025,-32,6
5.22,open,2028,2025,-28,0
5.24,open,2028,2025,-32,6
5.27,open,2028,2025,-32,6
5.29,open,2028,2025,-32,6
5.31,open,2028,2025,-32,6
5.33,open,2028,2025,-32,6
5.35,open,2028,2025,-32,6
5.37,open,2028,2025,-32,6
5.39,open,2028,2025,-32,6
5.42,open,2028,2025,-32,6
5.44,open,2028,2025,-32,6
5.46,open,2028,2025,-32,6
5.48,open,2028,2025,-32,6
5.50,open,2028,2025,-32,6
5.52,open,2028,2025,-32,0
5.55,open,2028,2025,-32,6
5.57,open,2028,2025,-32,6
5.59,open,2028,2025,-32,6
5.61,open,2028,2025,-32,6
5.63,open,2028,2025,-32,6
5.65,open,2028,2025,-32,6
5.68,open,2028,2025,-32,0
5.70,open,2028,2025,-32,6
5.72,open,2028,2025,-32,6
5.74,open,2028,2025,-32,6
5.76,open,2028,2025,-32,6
5.78,open,2028,2025,-32,6
5.81,open,2028,2025,-32,0
5.83,open,2028,2025,-32,6
5.85,open,2028,2025,-32,6
5.87,open,2028,2025,-32,6
5.89,open,2028,2025,-32,6
5.91,open,2028,2025,-32,6
5.93,open,2028,2025,-32,6
5.96,open,2028,2025,-32,6
5.98,open,2028,2025,-32,6
6.00,open,2028,2025,-32,6
6.02,open,2028,2025,-32,6
6.04,open,2028,2025,-32,6
6.06,open,2028,2025,-32,6
6.09,open,2028,2025,-32,6
6.11,open,2028,2025,-32,6
6.13,open,2028,2025,-32,6
6.15,open,2028,2025,-32,0
6.17,open,2028,2025,-32,6
6.19,open,2028,2025,-32,6
6.22,open,2028,2025,-32,6
6.24,open,2028,2025,-32,6
6.26,open,2028,2025,-32,6
6.28,open,2028,2025,-32,6
6.30,open,2028,2025,-32,6
6.32,open,2028,2025,-32,6
6.34,open,2028,2025,-32,6
6.36,open,2028,2025,-32,13
6.39,open,2028,2025,-32,6
6.41,open,2028,2025,-32,0
6.43,open,2028,2025,-32,6
6.45,open,2028,2025,-32,6
6.47,open,2028,2025,-32,6
6.49,open,2028,2025,-32,6
6.51,open,2028,2025,-32,6
6.53,open,2028,2025,-32,6
6.56,open,2028,2025,-32,6
6.58,open,2028,2025,-32,6
6.60,open,2028,2025,-32,6
6.62,open,2028,2025,-32,6
6.64,open,2028,2025,-32,6
6.66,open,2028,2025,-32,6
6.68,open,2028,2025,-32,6
6.71,open,2028,2025,-32,6
6.73,open,2028,2025,-32,6
6.75,open,2028,2025,-32,6
6.77,open,2028,2025,-32,0
6.79,open,2028,2025,-32,6
6.81,open,2028,2025,-32,6
6.83,open,2028,2025,-32,6
6.86,open,2028,2025,-32,6
6.88,open,2028,2025,-32,6
6.90,open,2028,2025,-32,6
6.92,open,2028,2025,-32,6
6.94,open,2028,2025,-32,6
6.96,open,2028,2025,-32,6
6.99,open,2028,2025,-32,6
7.01,open,2028,2025,-32,6
7.03,open,2028,2025,-32,6
7.05,open,2028,2025,-32,6
7.07,open,2028,2025,-32,6
7.09,open,2028,2025,-32,6
7.12,open,2028,2025,-32,6
7.14,open,2028,2025,-32,6
7.16,open,2028,2025,-32,6
7.18,open,2028,2025,-32,6
7.20,open,2028,2025,-32,6
7.22,open,2028,2025,-32,6
7.24,open,2028,2025,-32,6
7.27,open,2028,2025,-32,6
7.29,open,2028,2025,-32,6
7.31,open,2028,2025,-32,6
7.33,open,2028,2025,-32,6
7.35,open,2028,2025,-32,6
7.37,open,2028,2025,-32,6
7.40,open,2028,2025,-32,6
7.42,open,2028,2025,-32,0
7.44,open,2028,2025,-32,6
7.46,open,2028,2025,-32,6
7.48,open,2028,2025,-32,0
7.50,open,2028,2025,-32,6
7.53,open,2028,2025,-32,6
